{
  "movies": [
    {
      "title": "The Dark Knight",
      "studio": "Warner Bros. Pictures",
      "genres": "Action, Crime, Drama",
      "directors": "Christopher Nolan",
      "writers": "Jonathan Nolan, Christopher Nolan",
      "actors": "Christian Bale, Heath Ledger, Aaron Eckhart",
      "year": 2008,
      "length": 152,
      "shortDescription": "When the menace joker",
      "mpaRating": "PG-13",
      "criticsRating": 9.0
    },
    {
      "title": "Inception",
      "studio": "Warner Bros. Pictures",
      "genres": "Action, Adventure, Sci-Fi",
      "directors": "Christopher Nolan",
      "writers": "Christopher Nolan",
      "actors": "Leonardo DiCaprio, Joseph Gordon-Levitt, Ellen Page",
      "year": 2010,
      "length": 148,
      "shortDescription": "A thief who steals corporate secrets",
      "mpaRating": "PG-13",
      "criticsRating": 8.8
    },
    {
      "title": "The Lord of the Rings: The Fellowship of the Ring",
      "studio": "New Line Cinema",
      "genres": "Adventure, Drama, Fantasy",
      "directors": "Peter Jackson",
      "writers": "Fran Walsh, Philippa Boyens, Peter Jackson",
      "actors": "Elijah Wood, Ian McKellen, Orlando Bloom",
      "year": 2001,
      "length": 178,
      "shortDescription": "A meek Hobbit",
      "mpaRating": "PG-13",
      "criticsRating": 8.8
    },
    {
      "title": "Fight Club",
      "studio": "20th Century Fox",
      "genres": "Drama",
      "directors": "David Fincher",
      "writers": "Chuck Palahniuk (novel), Jim Uhls (screenplay)",
      "actors": "Brad Pitt, Edward Norton, Meat Loaf",
      "year": 1999,
      "length": 139,
      "shortDescription": "An insomniac office worker and a devil.",
      "mpaRating": "R",
      "criticsRating": 8.8
    },
    {
      "title": "Pulp Fiction",
      "studio": "Miramax",
      "genres": "Crime, Drama",
      "directors": "Quentin Tarantino",
      "writers": "Quentin Tarantino, Roger Avary",
      "actors": "John Travolta, Uma Thurman, Samuel L. Jackson",
      "year": 1994,
      "length": 154,
      "shortDescription": "The lives of two mob hitmen.",
      "mpaRating": "R",
      "criticsRating": 8.9
    },
    {
      "title": "The Shawshank Redemption",
      "studio": "Columbia Pictures",
      "genres": "Drama",
      "directors": "Frank Darabont",
      "writers": "Stephen King (novel), Frank Darabont (screenplay)",
      "actors": "Tim Robbins, Morgan Freeman, Bob Gunton",
      "year": 1994,
      "length": 142,
      "shortDescription": "Two imprisoned men bond over a number of years.",
      "mpaRating": "R",
      "criticsRating": 9.3
    },
    {
      "title": "Forrest Gump",
      "studio": "Paramount Pictures",
      "genres": "Drama, Romance",
      "directors": "Robert Zemeckis",
      "writers": "Winston Groom (novel), Eric Roth (screenplay)",
      "actors": "Tom Hanks, Robin Wright, Gary Sinise",
      "year": 1994,
      "length": 142,
      "shortDescription": "The presidencies of Kennedy and Johnson",
      "mpaRating": "PG-13",
      "criticsRating": 8.8
    },
    {
      "title": "The Godfather",
      "studio": "Paramount Pictures",
      "genres": "Crime, Drama",
      "directors": "Francis Ford Coppola",
      "writers": "Mario Puzo, Francis Ford Coppola",
      "actors": "Marlon Brando, Al Pacino, James Caan",
      "year": 1972,
      "length": 175,
      "shortDescription": "The aging patriarch of an organized crime.",
      "mpaRating": "R",
      "criticsRating": 9.2
    },
    {
      "title": "Gladiator",
      "studio": "Universal Pictures",
      "genres": "Action, Adventure, Drama",
      "directors": "Ridley Scott",
      "writers": "David Franzoni, John Logan",
      "actors": "Russell Crowe, Joaquin Phoenix, Connie Nielsen",
      "year": 2000,
      "length": 155,
      "shortDescription": "A former Roman General sets out to exact vengeance.",
      "mpaRating": "R",
      "criticsRating": 8.5
    }
  ]
}